{
    "materials": [{
        "colorDiffuse": [0.64,0.64,0.64],
        "wireframe": false,
        "depthTest": true,
        "opacity": 1,
        "depthWrite": true,
        "transparent": false,
        "shading": "phong",
        "visible": true,
        "DbgColor": 15658734,
        "DbgName": "Buidling2",
        "colorEmissive": [0,0,0],
        "specularCoef": 50,
        "blending": "NormalBlending",
        "DbgIndex": 0,
        "colorAmbient": [0.64,0.64,0.64],
        "colorSpecular": [0.5,0.5,0.5]
    },{
        "colorDiffuse": [0.64,0.64,0.64],
        "wireframe": false,
        "depthTest": true,
        "opacity": 1,
        "depthWrite": true,
        "transparent": false,
        "shading": "phong",
        "visible": true,
        "DbgColor": 15597568,
        "DbgName": "Rooftop",
        "colorEmissive": [0,0,0],
        "specularCoef": 50,
        "blending": "NormalBlending",
        "DbgIndex": 1,
        "colorAmbient": [0.64,0.64,0.64],
        "colorSpecular": [0.5,0.5,0.5]
    }],
    "skinWeights": [],
    "skinIndices": [],
    "faces": [43,0,1,2,3,0,0,1,2,3,0,1,2,3,43,4,7,6,5,1,4,1,5,6,4,5,6,7,43,0,4,5,1,0,7,8,9,10,0,4,7,1,43,1,5,6,2,0,11,12,13,14,1,7,6,2,43,2,6,7,3,0,15,16,14,17,2,6,5,3,43,4,0,3,7,0,18,19,20,21,4,0,3,5],
    "uvs": [[0.175877,0.982604,0.175877,0.604705,0.351754,0.604705,0.351754,0.982604,0,0.604705,0.175877,0.982604,0,0.982604,0,0.604705,0,0,0.324123,0,0.324123,0.604705,0.824123,0,0.824123,0.604705,0.648246,0.604705,0.648246,0,0.324123,0.604705,0.324123,0,0.648246,0.604705,0.824123,0.604705,0.824123,0,1,0,1,0.604705]],
    "vertices": [-1.61282,-2.85001,-1,-1.61282,-2.85001,1,-2.69807,-2.85001,1,-2.69807,-2.85001,-1,-1.61282,0.350347,-0.999999,-1.61282,0.350347,1,-2.69807,0.350347,1,-2.69807,0.350347,-1],
    "name": "Cube.002Geometry.3",
    "metadata": {
        "materials": 2,
        "type": "Geometry",
        "version": 3,
        "normals": 8,
        "faces": 6,
        "vertices": 8,
        "uvs": 1,
        "generator": "io_three"
    },
    "normals": [0.577349,-0.577349,-0.577349,0.577349,-0.577349,0.577349,-0.577349,-0.577349,0.577349,-0.577349,-0.577349,-0.577349,0.577349,0.577349,-0.577349,-0.577349,0.577349,-0.577349,-0.577349,0.577349,0.577349,0.577349,0.577349,0.577349],
    "influencesPerVertex": 2
}