{
    "images": [],
    "metadata": {
        "generator": "io_three",
        "version": 4.4,
        "type": "Object"
    },
    "animations": [{
        "name": "default",
        "fps": 29,
        "tracks": []
    }],
    "geometries": [{
        "materials": [{
            "colorDiffuse": [0.611765,0.611765,1],
            "colorSpecular": [0.009961,0.009961,0.009961],
            "visible": true,
            "blending": "NormalBlending",
            "wireframe": false,
            "specularCoef": 50,
            "depthTest": true,
            "colorEmissive": [0,0,0],
            "opacity": 1,
            "DbgColor": 15658734,
            "transparent": false,
            "colorAmbient": [0.611765,0.611765,1],
            "depthWrite": true,
            "shading": "phong",
            "DbgName": "9c9cff",
            "DbgIndex": 0
        }],
        "uuid": "001AF10E-A74D-3A51-ADEC-26865F821A88",
        "data": {
            "animations": [],
            "uvs": [[0,0,0.333333,0.666667,0.333333,0.333333,0.666667,0.333333,0.666667,0.666667]],
            "morphTargets": [],
            "name": "Spaceship_RocketAperturesGeometry",
            "skinIndices": [],
            "normals": [0,-1,0],
            "skinWeights": [],
            "influencesPerVertex": 2,
            "faces": [43,0,1,2,3,0,0,0,0,0,0,0,0,0,43,4,5,6,7,0,1,2,3,4,0,0,0,0,43,8,9,10,11,0,0,0,0,0,0,0,0,0],
            "metadata": {
                "morphTargets": 0,
                "faces": 3,
                "version": 3,
                "bones": 0,
                "uvs": 1,
                "generator": "io_three",
                "materials": 1,
                "normals": 1,
                "vertices": 12
            },
            "vertices": [-0.715597,-0.766667,-0.27597,-0.715597,-0.766667,0.28137,-1.05,-0.766667,0.28137,-1.05,-0.766667,-0.27597,-0.26918,-0.870393,0.27188,-0.26918,-0.870393,-0.26648,0.26918,-0.870393,-0.26648,0.26918,-0.870393,0.27188,0.724132,-0.766667,0.267146,0.724132,-0.766667,-0.261746,1.04147,-0.766667,-0.261746,1.04147,-0.766667,0.267146],
            "bones": []
        },
        "type": "Geometry"
    },{
        "materials": [{
            "colorDiffuse": [0.776471,0.72549,0.45098],
            "colorSpecular": [0.009961,0.009961,0.009961],
            "visible": true,
            "blending": "NormalBlending",
            "wireframe": false,
            "specularCoef": 50,
            "depthTest": true,
            "colorEmissive": [0,0,0],
            "opacity": 1,
            "DbgColor": 15658734,
            "transparent": false,
            "colorAmbient": [0.776471,0.72549,0.45098],
            "depthWrite": true,
            "shading": "phong",
            "DbgName": "c6b973",
            "DbgIndex": 0
        }],
        "uuid": "A87526ED-B549-398D-89A6-A135E6690093",
        "data": {
            "animations": [],
            "uvs": [[0.333333,1,0.333333,0.666667,0.666667,0.666667,0.666667,1,0,1,0,0.666667,1,0.666667,1,1]],
            "morphTargets": [],
            "name": "Spaceship_WindowGeometry",
            "skinIndices": [],
            "normals": [0.317698,0.536821,0.781549,0.213324,0.54033,0.813929,-0.213324,0.54033,0.813929,-0.317698,0.536821,0.781549,0.618885,0.483688,0.618885,-0.618885,0.483688,0.618885],
            "skinWeights": [],
            "influencesPerVertex": 2,
            "faces": [43,0,1,2,3,0,0,1,2,3,0,1,2,3,43,1,0,4,5,0,1,0,4,5,1,0,4,4,43,3,2,6,7,0,3,2,6,7,3,2,5,5],
            "metadata": {
                "morphTargets": 0,
                "faces": 3,
                "version": 3,
                "bones": 0,
                "uvs": 1,
                "generator": "io_three",
                "materials": 1,
                "normals": 6,
                "vertices": 8
            },
            "vertices": [0.166667,0.5,0.5027,0.166667,1.03586,0.169367,-0.166667,1.03586,0.169367,-0.166667,0.5,0.5027,0.402071,0.457156,0.386246,0.5,0.5,0.169367,-0.5,0.5,0.169367,-0.402071,0.457156,0.386246],
            "bones": []
        },
        "type": "Geometry"
    },{
        "materials": [{
            "colorDiffuse": [0.286275,0.243137,0.243137],
            "colorSpecular": [0.009961,0.009961,0.009961],
            "visible": true,
            "blending": "NormalBlending",
            "wireframe": false,
            "specularCoef": 50,
            "depthTest": true,
            "colorEmissive": [0,0,0],
            "opacity": 1,
            "DbgColor": 15658734,
            "transparent": false,
            "colorAmbient": [0.286275,0.243137,0.243137],
            "depthWrite": true,
            "shading": "phong",
            "DbgName": "493e3e",
            "DbgIndex": 0
        }],
        "uuid": "473E269F-60D9-39BA-81F4-EA8151B88F21",
        "data": {
            "animations": [],
            "uvs": [[0,1,0,0.666667,0.333333,0.666667,0.333333,1,0.666667,0.666667,0.666667,1,1,0.666667,1,1,0,0.333333,0.333333,0.333333,0.666667,0.333333,1,0.333333,0,0,0.333333,0,0.666667,0,1,0]],
            "morphTargets": [],
            "name": "SpaceshipGeometry",
            "skinIndices": [],