{
    "materials": [{
        "colorDiffuse": [0.64,0.64,0.64],
        "wireframe": false,
        "depthTest": true,
        "opacity": 1,
        "depthWrite": true,
        "transparent": false,
        "shading": "phong",
        "visible": true,
        "DbgColor": 15658734,
        "DbgName": "Buidling2",
        "colorEmissive": [0,0,0],
        "specularCoef": 50,
        "blending": "NormalBlending",
        "DbgIndex": 0,
        "colorAmbient": [0.64,0.64,0.64],
        "colorSpecular": [0.5,0.5,0.5]
    }],
    "skinWeights": [],
    "skinIndices": [],
    "faces": [43,0,1,2,3,0,0,0,0,0,0,1,2,3,43,4,7,6,5,0,0,0,0,0,4,5,6,7,43,0,4,5,1,0,1,2,3,4,0,4,7,1,43,1,5,6,2,0,5,6,7,8,1,7,6,2,43,2,6,7,3,0,9,10,11,12,2,6,5,3,43,4,0,3,7,0,13,14,15,16,4,0,3,5],
    "uvs": [[0,0,0.546592,7.3e-05,0.546592,0.999927,7.3e-05,0.999927,7.4e-05,7.3e-05,0.390408,6.3e-05,0.390408,0.999937,6.3e-05,0.999937,6.3e-05,6.3e-05,0.549675,7.3e-05,0.549675,0.999927,7.3e-05,0.999927,7.3e-05,7.3e-05,6.3e-05,0.999937,6.3e-05,6.3e-05,0.390408,6.3e-05,0.390408,0.999937]],
    "vertices": [3.22741,-2.85001,-1,3.22741,-2.85001,1,1.75284,-2.85001,1,1.75284,-2.85001,-1,3.22741,0.92385,-0.999999,3.22741,0.92385,1,1.75284,0.92385,1,1.75284,0.92385,-1],
    "name": "Cube.001Geometry.3",
    "metadata": {
        "materials": 1,
        "type": "Geometry",
        "version": 3,
        "normals": 8,
        "faces": 6,
        "vertices": 8,
        "uvs": 1,
        "generator": "io_three"
    },
    "normals": [0.577349,-0.577349,-0.577349,0.577349,-0.577349,0.577349,-0.577349,-0.577349,0.577349,-0.577349,-0.577349,-0.577349,0.577349,0.577349,-0.577349,-0.577349,0.577349,-0.577349,-0.577349,0.577349,0.577349,0.577349,0.577349,0.577349],
    "influencesPerVertex": 2
}